year,country,avg_temperature,co2_emissions,sea_level_rise,rainfall,renewable_energy,extreme_weather_events,forest_area
2000,Argentina,16.9,3.9,4.0,2047,15.5,11,18.4
2000,Australia,8.3,12.1,1.1,2195,42.4,13,63.2
2000,Australia,11.4,2.2,1.8,1071,12.0,4,50.9
2000,Australia,16.1,17.1,3.9,2834,22.3,12,60.3
2000,Brazil,31.2,14.6,3.7,803,28.3,9,21.7
2000,Canada,23.5,7.0,2.8,2006,46.5,5,39.0
2000,Canada,14.4,1.2,3.1,527,16.5,14,52.7
2000,Canada,22.8,9.6,2.5,720,14.4,12,30.5
2000,Canada,16.5,17.6,2.2,2279,13.6,3,46.2
2000,China,18.3,3.7,1.8,2090,30.9,13,39.3
2000,China,31.0,3.4,3.3,1842,43.2,5,36.7
2000,China,28.8,5.2,1.0,1398,29.6,2,49.7
2000,China,26.7,15.4,2.7,2066,43.0,1,52.4
2000,France,12.6,19.9,1.3,1056,29.6,14,41.8
2000,France,28.3,4.8,3.4,1990,24.4,6,52.9
2000,France,8.9,19.1,3.7,2413,44.7,14,54.4
2000,Germany,5.1,11.2,1.6,2378,33.7,6,69.2
2000,Germany,14.4,0.7,1.3,2904,30.8,5,15.6
2000,India,20.9,15.9,2.6,1100,26.4,8,61.3
2000,India,15.1,18.4,4.5,645,10.2,11,18.5
2000,India,16.7,8.2,4.7,1687,5.8,3,50.7
2000,India,32.3,6.5,1.2,1066,36.8,8,17.5
2000,Indonesia,10.8,13.1,4.8,2133,48.9,9,48.4
2000,Indonesia,29.7,7.2,1.1,1962,5.2,8,53.3
2000,Indonesia,31.1,11.9,3.3,2112,12.0,2,37.7
2000,Indonesia,20.0,18.7,5.0,875,23.0,0,33.5
2000,Indonesia,16.6,14.9,3.7,1990,37.6,7,41.7
2000,Indonesia,26.7,19.8,1.8,1807,27.9,11,34.5
2000,Indonesia,30.2,12.0,3.0,1591,32.2,9,22.8
2000,Mexico,8.2,5.5,1.4,1579,29.2,9,30.7
2000,Mexico,25.6,3.3,1.0,2370,11.5,13,63.6
2000,Russia,6.9,4.0,4.8,560,32.3,5,26.9
2000,Russia,15.1,15.8,5.0,1138,37.6,1,52.4
2000,South Africa,31.5,10.5,2.7,1949,29.2,1,56.2
2000,South Africa,14.9,19.0,1.3,2499,18.7,14,56.3
2000,South Africa,30.4,12.2,4.5,1498,36.9,0,30.8
2000,South Africa,24.0,14.3,1.7,2762,17.5,6,17.1
2000,South Africa,34.8,8.6,1.9,2236,10.2,2,11.1
2000,South Africa,15.3,15.4,4.6,1987,35.9,8,25.6
2000,South Africa,31.9,17.9,4.1,2398,29.5,12,30.5
2000,UK,22.9,13.7,4.7,1255,33.4,12,41.2
2000,UK,17.1,13.4,2.0,754,16.0,11,69.8
2000,UK,16.4,15.9,4.3,932,42.0,2,57.4
2000,UK,22.4,9.2,2.6,950,29.6,5,61.3
2000,UK,30.9,11.1,4.5,2559,31.7,11,23.4
2000,UK,20.5,11.8,4.1,812,26.0,6,66.1
2000,UK,33.5,2.8,4.1,1539,31.4,13,61.0
2000,UK,21.8,10.0,2.2,1273,14.9,14,30.1
2000,USA,9.9,3.7,2.5,2067,9.5,7,64.7
2000,USA,28.0,17.8,3.4,518,38.0,8,30.2
2000,USA,11.9,18.8,2.0,2681,47.0,6,48.7
2000,USA,12.1,9.3,1.9,2051,45.0,14,14.2
2000,USA,15.3,15.6,3.6,1496,20.6,10,36.1
2001,Argentina,33.2,18.2,2.9,2372,15.7,1,39.7
2001,Argentina,24.8,14.3,2.8,2813,33.8,12,15.6
2001,Argentina,21.5,1.1,4.7,2005,31.6,2,17.7
2001,Argentina,8.4,16.8,2.3,2035,12.7,3,19.8
2001,Australia,18.4,11.7,5.0,1962,20.2,1,58.4
2001,Australia,19.4,7.3,1.9,1370,29.8,12,22.7
2001,Brazil,26.7,5.1,4.6,1270,12.7,14,26.8
2001,Brazil,7.6,17.6,2.3,1714,28.5,11,62.5
2001,Canada,21.3,12.7,3.3,1944,21.3,3,26.2
2001,Canada,21.2,14.9,4.0,1048,32.9,0,67.3
2001,China,27.4,19.0,3.9,2416,42.9,12,19.2
2001,France,27.0,13.3,4.4,2989,38.5,14,64.6
2001,Germany,15.3,2.2,3.9,1856,23.8,11,50.5
2001,Germany,23.6,3.7,4.0,2144,25.7,0,46.7
2001,Germany,34.7,4.7,4.4,1504,24.9,0,36.9
2001,Germany,19.2,16.3,3.9,1305,8.9,13,45.7
2001,Germany,6.3,6.7,3.2,2378,26.2,11,50.7
2001,Germany,30.3,9.7,5.0,2257,18.7,14,50.3
2001,India,20.8,1.0,3.8,2112,23.5,1,29.3
2001,India,9.3,14.8,3.1,997,14.0,9,21.8
2001,Indonesia,9.6,8.9,4.5,2412,29.1,8,53.9
2001,Indonesia,15.0,18.2,1.1,1925,23.1,14,69.4
2001,Indonesia,31.5,7.0,4.5,1219,18.9,11,52.5
2001,Japan,24.7,3.1,3.9,1219,5.4,9,45.4
2001,Japan,28.6,4.5,3.2,1166,16.2,2,56.9
2001,Mexico,7.9,8.0,4.0,2925,8.9,3,26.6
2001,Mexico,15.2,6.2,3.0,1878,19.3,14,13.3
2001,Mexico,10.1,11.2,1.4,2077,21.5,0,17.9
2001,Mexico,17.9,14.9,2.1,1388,25.2,8,64.6
2001,Mexico,18.6,8.0,1.5,1677,43.6,9,68.9
2001,Russia,19.4,3.0,3.0,839,49.1,7,66.5
2001,Russia,33.9,12.6,4.8,1707,6.7,9,21.0
2001,South Africa,34.3,9.7,2.9,1241,27.0,13,51.3
2001,South Africa,24.2,2.4,1.3,1277,12.1,10,27.5
2001,South Africa,5.0,4.0,2.4,716,44.1,9,34.3
2001,South Africa,23.4,1.9,3.6,2776,45.8,7,21.9
2001,UK,7.4,16.1,1.6,1192,34.2,8,29.2
2001,UK,25.6,16.8,1.0,674,27.6,3,46.2
2001,UK,7.1,15.4,3.2,2063,10.7,12,63.6
2001,UK,24.5,4.7,4.2,1130,49.5,5,66.7
2001,USA,24.5,19.4,3.6,2041,47.7,10,60.9
2002,Argentina,14.3,16.6,2.6,1325,26.7,7,58.2
2002,Argentina,27.6,13.6,1.6,1056,11.1,10,23.8
2002,Australia,20.6,1.1,2.6,2383,20.9,6,65.3
2002,Australia,15.3,8.3,1.7,2519,36.4,6,13.3
2002,Australia,23.3,8.0,4.0,642,22.0,13,30.3
2002,Australia,32.9,18.2,3.3,1673,19.6,6,34.6
2002,Brazil,11.8,14.0,3.0,2976,44.3,13,51.0
2002,Brazil,19.1,14.5,3.1,920,37.0,14,20.1
2002,Brazil,11.9,4.7,2.9,2485,27.0,0,16.0
2002,Canada,27.3,19.1,2.4,2052,23.9,9,60.0
2002,Canada,18.3,11.5,3.5,2538,21.0,11,12.3
2002,Canada,15.8,13.8,4.5,1826,12.6,12,20.3
2002,Canada,12.1,0.9,1.5,2659,42.6,1,17.6
2002,Canada,33.7,2.4,3.3,1674,18.6,5,29.1
2002,Canada,19.9,10.8,2.0,1969,20.2,13,27.5
2002,Canada,21.7,17.3,3.0,1831,14.8,14,68.5
2002,Canada,32.0,17.4,3.0,1602,47.0,11,38.8
2002,France,9.4,19.0,3.7,2202,7.0,2,57.0
2002,France,30.4,11.9,4.7,2878,32.8,1,44.3
2002,France,30.8,19.3,2.6,2408,25.6,6,14.5
2002,Germany,8.1,19.7,1.8,2905,37.3,10,28.1
2002,Germany,23.5,18.0,1.8,1413,17.1,0,64.8
2002,India,32.0,15.0,4.6,1313,15.7,0,28.3
2002,India,30.5,13.5,1.8,2887,7.3,5,47.2
2002,India,17.6,6.6,4.5,1851,27.9,11,27.9
2002,India,29.3,7.4,3.5,1342,48.6,13,59.5
2002,India,12.8,1.4,1.2,1420,7.2,6,68.1
2002,India,8.5,0.8,5.0,1857,29.5,0,53.8
2002,Indonesia,20.1,12.2,1.7,1624,35.8,1,28.5
2002,Indonesia,5.5,11.9,4.6,1605,18.3,5,31.0
2002,Indonesia,34.4,7.0,2.0,567,9.0,0,53.0
2002,Indonesia,17.2,9.1,3.8,904,44.2,8,69.6
2002,Japan,27.1,13.1,2.5,2235,22.5,10,27.5
2002,Japan,25.0,14.8,3.2,2530,41.7,9,52.3
2002,Japan,27.4,6.6,2.4,2623,13.9,11,60.3
2002,Mexico,11.7,4.6,2.2,2895,48.3,3,62.5
2002,Russia,26.4,6.9,2.1,2393,36.9,1,53.0
2002,Russia,32.6,3.4,1.2,1891,36.5,2,54.1
2002,Russia,24.3,7.6,3.0,994,16.6,4,67.7
2002,Russia,24.6,1.1,2.7,2800,27.2,14,12.8
2002,Russia,21.2,8.8,4.0,2606,19.4,14,49.6
2002,Russia,17.4,16.6,1.6,1301,47.7,4,27.5
2002,Russia,23.1,5.7,4.7,1484,13.4,2,29.7
2002,Russia,27.2,3.6,4.8,1729,28.5,2,34.9
2002,South Africa,33.8,6.8,4.0,2381,8.5,4,62.1
2002,South Africa,27.8,4.4,2.1,2369,48.5,12,13.6
2002,UK,24.0,14.5,3.6,796,11.4,10,57.7
2002,UK,15.6,17.2,1.6,2224,17.5,11,53.7
2002,USA,5.9,3.5,3.9,2493,23.5,9,61.2
2002,USA,17.0,0.5,3.5,1184,7.3,14,21.4
2002,USA,13.3,1.9,2.2,2132,40.6,5,30.3
2003,Argentina,10.0,16.5,1.3,626,21.9,13,17.2
2003,Australia,23.1,4.7,4.3,2215,33.0,5,61.5
2003,Australia,20.0,18.6,1.7,2830,31.8,5,43.9
2003,Australia,24.1,16.9,3.6,1945,6.5,4,26.2
2003,Brazil,7.1,9.4,1.9,1252,43.6,9,36.7
2003,Brazil,27.8,16.1,4.7,1980,25.7,7,45.8
2003,Canada,11.6,15.2,1.9,2798,31.8,0,58.3
2003,China,28.3,12.3,2.6,2764,14.5,4,40.8
2003,China,7.5,9.7,1.1,1964,16.6,1,36.0
2003,China,33.2,4.5,4.9,2718,9.8,12,53.2
2003,China,7.4,5.7,3.5,2350,44.0,14,42.5
2003,China,33.7,18.6,1.2,2007,35.3,5,39.0
2003,France,25.8,11.0,4.0,1319,33.2,14,27.9
2003,France,19.5,11.6,4.2,610,26.8,13,60.3
2003,France,11.0,7.1,2.8,1207,34.3,14,23.5
2003,Germany,30.5,7.7,3.0,2871,19.4,10,33.5
2003,India,18.9,19.0,4.4,1990,43.3,12,11.5
2003,India,6.4,9.4,3.8,1573,28.9,7,36.8
2003,India,7.7,19.6,3.0,600,36.2,4,53.3
2003,Indonesia,10.2,17.4,1.7,1989,40.2,5,65.8
2003,Indonesia,15.2,14.6,2.3,2216,45.8,7,38.8
2003,Japan,33.2,15.6,4.5,2562,16.8,11,11.7
2003,Japan,25.1,9.8,3.4,1691,22.6,8,69.0
2003,Japan,16.6,7.1,4.1,2673,43.0,8,38.3
2003,Mexico,24.7,7.4,4.1,1365,31.7,9,28.0
2003,Mexico,5.1,18.0,2.8,1110,46.2,12,63.3
2003,Mexico,31.4,8.5,2.2,2222,5.2,0,18.0
2003,Russia,19.5,17.9,3.1,743,15.5,10,38.1
2003,Russia,7.9,2.0,4.3,2271,23.3,12,62.0
2003,Russia,21.3,11.5,4.9,995,16.3,8,51.7
2003,South Africa,29.2,2.0,1.5,2141,17.9,13,69.2
2003,South Africa,10.1,12.8,1.4,863,26.7,9,14.7
2003,South Africa,30.2,8.5,2.9,1604,28.7,3,33.9
2003,UK,7.1,12.1,3.4,844,12.0,10,20.8
2003,UK,10.9,6.9,2.9,1142,20.8,11,25.0
2003,USA,27.4,1.8,2.2,766,27.4,10,14.6
2003,USA,12.4,0.6,3.5,2780,14.2,11,44.6
2003,USA,19.4,12.8,1.2,2134,47.5,3,55.4
2003,USA,9.5,5.0,1.5,2254,5.3,0,53.9
2003,USA,11.8,14.4,2.3,2090,30.6,10,29.9
2003,USA,15.2,14.2,2.2,2821,15.8,4,11.2
2004,Argentina,9.8,2.1,1.5,1290,15.6,1,40.1
2004,Argentina,15.4,8.5,2.0,1416,31.8,0,46.9
2004,Australia,23.2,12.9,3.2,1361,5.9,4,42.7
2004,Australia,7.7,8.6,1.1,534,8.3,4,35.1
2004,Australia,22.8,14.1,2.2,1418,21.3,12,41.4
2004,Australia,9.2,1.1,2.5,708,34.4,0,34.9
2004,Australia,10.2,1.7,2.4,1962,34.1,12,40.7
2004,Brazil,16.4,10.1,3.8,1641,6.6,7,27.7
2004,Canada,10.2,8.4,3.2,941,45.2,14,43.4
2004,Canada,15.8,8.0,4.9,2154,35.0,2,65.9
2004,Canada,19.2,5.5,1.8,1455,36.8,7,67.7
2004,Canada,34.2,0.8,3.6,2744,48.3,6,35.7
2004,China,21.3,10.3,3.4,1880,14.5,5,11.2
2004,China,33.9,7.4,3.0,1951,40.5,11,26.5
2004,China,29.8,14.6,2.1,2105,42.2,9,45.2
2004,China,10.8,13.0,2.4,2852,40.2,6,22.4
2004,China,9.9,9.2,2.0,1498,47.4,0,51.3
2004,France,31.4,15.6,1.2,2321,10.7,11,34.1
2004,France,10.0,5.8,3.5,1488,7.4,3,58.3
2004,Germany,18.0,17.3,4.0,1441,8.8,8,63.6
2004,Germany,28.1,18.9,4.7,1015,49.4,3,66.2
2004,Germany,8.7,3.1,3.6,1393,48.5,14,43.4
2004,Germany,13.5,12.7,3.6,2794,41.3,1,66.8
2004,India,33.3,17.5,2.9,690,40.9,13,48.3
2004,India,19.4,16.8,4.4,2636,8.0,1,40.4
2004,India,9.5,9.9,2.8,2410,42.6,5,33.8
2004,India,22.6,9.9,1.0,624,39.0,14,18.1
2004,Indonesia,24.0,9.6,2.9,2010,18.9,11,51.6
2004,Indonesia,5.7,16.6,3.4,2331,27.5,2,58.0
2004,Indonesia,16.3,12.5,1.4,2758,36.4,12,55.8
2004,Indonesia,13.0,5.3,1.5,2817,17.3,3,44.0
2004,Indonesia,12.0,15.0,3.7,921,24.3,14,47.0
2004,Japan,7.3,17.3,3.1,1912,31.2,8,29.5
2004,Japan,12.7,16.2,1.6,2000,47.3,1,64.3
2004,Japan,22.6,10.4,1.2,1604,48.0,3,29.2
2004,Japan,17.5,9.3,4.0,2621,41.4,10,39.5
2004,Japan,7.8,6.0,2.3,2084,39.8,9,16.2
2004,Mexico,34.2,9.7,2.6,1096,11.0,7,40.0
2004,Russia,30.6,2.9,3.1,1250,12.0,8,24.9
2004,Russia,33.4,2.8,2.5,2679,45.2,5,51.0
2004,South Africa,21.9,15.2,3.4,647,18.8,10,46.2
2004,South Africa,30.9,8.6,4.8,1466,6.7,7,66.7
2004,South Africa,21.5,10.6,3.0,1227,20.2,0,49.1
2004,South Africa,22.3,4.4,4.2,679,23.4,4,57.8
2004,UK,13.3,8.0,3.4,2763,47.8,1,36.2
2004,UK,16.7,1.6,2.2,1361,37.5,2,11.6
2004,UK,16.2,14.3,1.6,1396,8.4,8,24.5
2004,USA,29.3,17.3,3.2,1870,13.4,13,44.2
2004,USA,28.5,8.2,2.0,851,49.6,7,15.7
2004,USA,8.2,14.4,1.6,2631,42.7,3,57.1
2005,Argentina,9.0,1.1,3.3,1516,9.5,3,44.4
2005,Argentina,9.7,5.3,2.9,2660,33.0,8,30.5
2005,Argentina,27.0,14.3,2.5,1955,29.3,2,20.2
2005,Argentina,24.3,14.8,2.3,1035,26.4,12,58.7
2005,Argentina,5.7,10.6,4.1,1730,8.0,10,61.6
2005,Argentina,10.0,11.2,2.5,1533,21.5,6,23.8
2005,Australia,34.4,4.0,4.8,2014,15.6,9,67.1
2005,Brazil,34.4,5.0,3.7,2132,29.3,3,46.9
2005,Canada,8.4,11.9,4.7,2189,24.2,2,39.3
2005,Canada,19.3,13.0,4.8,1204,38.4,14,12.5
2005,Canada,20.6,3.5,4.1,2838,25.9,8,62.8
2005,Canada,13.2,5.9,3.6,2872,44.7,4,46.2
2005,Canada,9.5,6.3,2.3,2560,8.2,1,69.5
2005,Canada,25.9,8.1,3.1,2361,15.8,9,64.8
2005,Canada,16.4,5.8,3.7,1045,19.2,10,13.6
2005,France,29.7,18.6,2.5,1501,21.5,11,63.4
2005,Germany,22.6,10.6,4.0,723,5.6,11,53.3
2005,Germany,27.2,6.0,2.9,2297,25.2,6,36.2
2005,Germany,32.0,16.6,2.0,1046,25.4,10,61.6
2005,India,7.7,6.1,4.0,1219,21.3,9,21.7
2005,India,32.5,2.5,1.3,1126,39.0,0,53.6
2005,India,7.8,12.9,1.0,1660,31.0,12,41.7
2005,India,11.8,12.3,1.1,1324,31.4,3,24.4
2005,India,34.9,7.8,3.3,1959,23.7,8,58.2
2005,India,24.7,10.6,1.4,691,12.2,13,67.4
2005,India,34.8,15.8,1.3,1910,12.4,1,51.9
2005,India,17.4,2.0,4.2,1462,41.2,8,42.6
2005,Indonesia,7.8,0.6,2.3,654,10.9,14,56.3
2005,Indonesia,29.8,6.3,4.3,518,19.1,3,17.6
2005,Japan,10.7,15.7,1.1,629,27.6,14,16.3
2005,Mexico,7.2,5.2,1.1,1692,33.3,8,30.0
2005,Russia,22.3,1.1,2.0,2660,39.5,12,34.3
2005,Russia,8.8,2.1,3.6,555,47.1,14,43.1
2005,UK,30.7,2.4,2.1,1380,14.0,0,25.2
2005,UK,10.6,14.2,4.1,1162,21.9,3,11.9
2005,UK,16.8,13.7,4.2,2579,44.1,11,16.9
2005,USA,27.1,12.0,2.5,622,17.9,13,17.7
2006,Argentina,30.7,11.6,3.9,1755,41.9,10,50.5
2006,Argentina,22.9,16.6,2.1,2272,18.4,8,16.6
2006,Argentina,25.1,14.4,4.6,990,36.1,6,58.4
2006,Argentina,12.3,5.7,4.1,690,40.1,13,62.0
2006,Australia,20.4,1.8,3.6,773,39.6,0,26.3
2006,Brazil,32.2,19.4,3.8,2626,25.5,1,58.8
2006,Brazil,9.9,14.5,1.8,1589,35.0,6,50.6
2006,Brazil,24.6,1.3,2.5,2815,31.4,12,15.6
2006,Canada,31.3,11.2,3.6,1772,40.7,7,20.6
2006,Canada,12.0,9.4,1.2,2249,30.6,7,67.2
2006,Canada,6.6,4.9,2.8,1012,29.8,14,39.0
2006,China,9.5,8.3,1.1,2865,16.9,3,47.6
2006,China,13.5,12.7,3.8,2626,23.5,10,69.4
2006,France,24.7,16.7,2.8,1769,20.4,8,13.3
2006,France,9.8,16.0,2.7,1664,47.8,1,23.3
2006,France,14.7,13.5,3.8,2138,42.9,2,26.2
2006,Germany,25.0,7.9,4.6,1605,19.2,1,22.6
2006,India,16.4,5.4,3.7,2452,31.8,11,22.6
2006,Indonesia,12.1,8.3,4.0,2225,40.6,14,67.5
2006,Indonesia,22.8,17.3,4.9,1944,26.8,2,34.3
2006,Indonesia,26.5,2.3,1.8,943,35.2,12,58.5
2006,Indonesia,21.4,7.4,1.4,2483,29.2,10,12.2
2006,Japan,27.6,14.4,4.8,2726,26.2,9,12.9
2006,Mexico,34.5,3.7,4.1,1420,12.3,7,27.0
2006,Mexico,6.6,3.1,1.1,1862,32.6,4,59.8
2006,Russia,18.5,7.1,1.4,1935,11.4,7,29.5
2006,Russia,24.8,4.0,3.3,2222,15.8,14,33.9
2006,Russia,29.7,8.3,2.8,1229,42.2,0,17.8
2006,South Africa,12.0,10.8,4.1,2681,11.7,9,67.7
2006,South Africa,6.1,16.7,4.0,2794,38.4,9,12.3
2006,UK,8.9,9.3,3.1,1441,20.4,14,59.8
2006,UK,12.8,19.5,1.2,1962,5.9,13,34.6
2006,UK,13.1,11.5,2.8,2206,24.4,1,27.9
2006,UK,30.7,7.4,4.4,1859,46.8,7,49.6
2006,USA,14.8,9.6,3.7,2914,38.1,11,60.5
2006,USA,28.5,1.4,2.5,2158,29.4,10,61.6
2006,USA,23.9,19.0,1.4,1835,34.0,9,36.1
2006,USA,32.0,17.2,3.8,578,44.3,5,63.3
2006,USA,23.5,19.8,2.1,2853,7.6,12,70.0
2007,Argentina,7.7,19.9,1.6,918,16.9,10,58.7
2007,Brazil,25.3,19.9,2.3,2051,39.9,3,24.0
2007,Canada,26.7,14.7,1.4,876,25.1,6,37.0
2007,Canada,32.1,5.5,4.0,1388,12.4,12,57.6
2007,China,20.8,1.7,3.4,2251,30.4,10,16.8
2007,China,8.3,10.5,3.7,941,12.1,6,45.2
2007,China,5.4,13.7,2.9,1857,35.1,12,57.6
2007,France,21.3,5.5,2.4,2327,48.5,1,69.0
2007,France,34.8,17.1,2.8,1964,27.2,12,66.6
2007,France,25.4,7.1,4.1,2438,8.3,11,62.5
2007,Germany,26.9,5.6,2.4,1743,12.5,4,17.4
2007,Germany,11.0,17.6,1.7,2906,42.9,3,50.7
2007,Germany,33.5,7.9,4.3,719,30.5,7,49.5
2007,Germany,9.8,9.8,3.8,1592,34.0,13,61.5
2007,Germany,21.0,13.8,2.9,2855,14.7,10,22.2
2007,Germany,20.6,2.1,3.7,1066,8.3,0,20.1
2007,Germany,17.6,3.3,1.4,737,43.8,10,46.5
2007,India,22.8,9.1,1.9,1143,41.0,13,18.9
2007,India,34.0,18.1,2.2,1628,6.8,14,43.6
2007,India,31.2,7.8,1.4,2077,23.8,12,18.1
2007,Indonesia,33.5,17.0,2.8,1429,26.9,12,36.6
2007,Indonesia,30.4,8.5,2.7,2937,16.2,1,60.0
2007,Indonesia,6.8,17.4,1.5,2681,7.4,0,30.4
2007,Indonesia,16.6,6.5,3.8,740,8.6,9,26.1
2007,Indonesia,19.9,13.0,1.2,1412,13.0,9,29.8
2007,Indonesia,26.6,10.9,1.6,2032,30.7,2,18.5
2007,Indonesia,5.8,17.7,2.1,1365,22.9,12,43.5
2007,Japan,15.4,1.3,4.3,921,31.5,3,45.1
2007,Mexico,8.6,4.1,1.9,880,21.5,2,43.6
2007,Russia,14.9,6.3,3.2,2807,46.7,2,55.6
2007,Russia,23.1,2.8,3.1,2054,14.5,6,51.7
2007,Russia,25.4,10.8,4.4,1582,12.6,11,54.9
2007,Russia,24.9,12.4,4.3,1450,39.7,12,66.5
2007,Russia,32.7,17.6,4.0,1098,38.3,14,59.6
2007,South Africa,17.1,10.8,1.2,1598,21.2,7,62.9
2007,UK,13.7,3.1,3.7,1678,43.1,0,69.9
2007,UK,10.4,16.5,1.5,1073,43.5,10,16.1
2007,USA,27.5,5.8,2.9,2539,5.3,14,11.1
2007,USA,16.8,6.3,4.1,1062,7.4,1,41.6
2007,USA,16.2,13.9,4.3,1681,9.6,8,20.5
2008,Argentina,18.0,7.1,4.8,1037,27.8,4,47.1
2008,Argentina,25.1,15.4,2.7,2386,48.2,12,54.9
2008,Argentina,21.7,2.6,2.2,1853,39.4,2,18.9
2008,Argentina,28.6,16.0,3.5,1640,25.9,14,34.0
2008,Argentina,10.4,2.9,2.8,958,40.2,9,26.3
2008,Australia,20.3,4.8,2.8,2484,15.5,14,16.8
2008,Australia,18.1,12.2,3.2,1023,49.7,1,58.6
2008,Brazil,32.2,14.6,2.6,2483,48.7,13,48.4
2008,Brazil,16.6,8.1,4.1,1110,47.1,4,58.7
2008,Brazil,27.4,3.9,4.5,1858,16.1,3,48.6
2008,Brazil,19.7,17.0,3.2,727,20.6,5,67.7
2008,Brazil,7.1,0.7,4.4,2489,19.8,0,45.2
2008,Canada,5.6,16.7,3.9,2655,17.8,14,39.8
2008,Canada,10.9,10.8,2.9,2957,13.8,14,22.8
2008,Canada,27.4,13.5,3.9,2999,20.0,8,41.8
2008,China,34.8,19.8,2.8,904,20.2,9,53.5
2008,France,7.9,12.9,2.7,1096,39.5,12,68.9
2008,France,6.5,11.0,1.4,526,44.7,10,47.6
2008,France,24.6,18.3,2.3,2851,20.5,13,58.9
2008,Germany,28.1,3.7,1.4,2223,10.7,9,66.0
2008,India,16.3,18.7,4.8,2141,47.8,2,30.2
2008,Indonesia,12.3,6.4,1.5,671,30.6,11,38.9
2008,Indonesia,19.2,8.4,1.7,1473,46.2,6,51.6
2008,Japan,19.4,9.3,4.3,2334,10.8,13,10.3
2008,Japan,14.5,14.8,1.2,2319,22.7,13,46.5
2008,Japan,21.4,10.7,4.7,1589,29.8,12,38.4
2008,Japan,10.9,4.8,1.7,2003,28.7,1,32.0
2008,Mexico,25.1,4.6,2.4,2894,7.8,5,53.1
2008,Russia,34.2,13.0,4.5,847,39.3,11,14.8
2008,Russia,15.0,17.5,3.6,2769,9.9,8,27.4
2008,Russia,12.6,0.6,3.8,678,47.0,14,67.5
2008,Russia,22.9,10.1,1.9,866,29.5,2,60.4
2008,Russia,30.0,16.3,2.2,1723,16.1,11,10.9
2008,Russia,16.7,7.8,2.0,1030,16.1,3,38.1
2008,South Africa,8.2,0.8,4.2,1061,30.1,6,68.3
2008,USA,19.5,17.7,2.5,1419,20.1,0,35.9
2009,Argentina,11.0,12.0,1.7,2510,14.2,2,61.8
2009,Argentina,15.7,2.5,4.7,1453,29.4,14,26.4
2009,Argentina,16.4,17.2,3.7,1122,9.3,8,47.8
2009,Argentina,8.8,1.4,3.7,963,28.3,5,33.0
2009,Argentina,20.1,1.5,4.3,1934,40.1,11,61.1
2009,Argentina,34.6,7.0,2.8,2634,15.1,0,46.3
2009,Brazil,31.5,9.3,3.6,1149,23.7,9,15.4
2009,Canada,24.1,15.3,3.2,557,49.4,8,43.6
2009,France,8.4,17.9,1.6,839,39.3,5,57.1
2009,Germany,6.3,0.5,1.1,1801,49.3,3,37.5
2009,Germany,18.1,1.2,3.7,967,30.8,0,54.1
2009,Germany,10.7,18.2,2.4,1850,13.5,0,29.7
2009,Germany,34.3,15.8,1.3,1388,19.8,13,48.9
2009,Germany,23.0,9.9,1.3,629,47.6,8,25.7
2009,Germany,19.4,2.4,1.7,2592,22.4,5,67.3
2009,India,23.1,7.0,2.4,2730,20.8,6,58.8
2009,India,23.4,15.8,4.6,777,8.3,0,53.4
2009,Indonesia,24.6,9.3,1.6,1079,47.1,14,57.5
2009,Indonesia,10.5,18.9,1.5,2994,29.3,3,50.7
2009,Japan,34.0,10.0,3.3,1598,44.9,1,27.9
2009,Japan,34.5,12.8,3.8,1319,30.0,6,10.6
2009,Mexico,25.5,2.5,3.6,2723,30.0,5,66.3
2009,Russia,24.6,13.2,4.6,1689,8.7,12,34.6
2009,Russia,27.5,12.4,1.1,1058,19.9,14,65.9
2009,South Africa,17.0,14.6,1.5,1558,11.1,9,44.0
2009,South Africa,17.7,11.5,1.2,2834,11.9,10,58.9
2009,South Africa,33.1,11.7,2.2,643,11.4,7,65.8
2009,UK,18.9,16.9,2.6,1401,30.2,7,33.2
2009,UK,11.8,11.3,2.7,928,11.2,6,58.3
2009,USA,16.5,10.9,3.2,2064,42.1,2,25.0
2009,USA,5.5,6.4,4.3,2026,13.9,2,44.9
2009,USA,14.6,8.9,4.6,715,42.8,4,29.4
2009,USA,5.9,15.8,1.5,1663,8.4,2,20.8
2010,Argentina,5.9,1.8,3.2,1892,23.7,7,17.7
2010,Argentina,24.5,13.6,1.2,1007,14.9,7,67.3
2010,Australia,18.3,1.9,3.5,2599,7.5,5,48.7
2010,Australia,16.9,1.0,3.5,1973,47.9,7,23.5
2010,Australia,30.3,9.0,4.5,2367,6.2,7,57.6
2010,Brazil,34.4,3.2,3.2,773,40.9,0,50.2
2010,Brazil,13.0,14.0,4.5,1115,17.3,1,15.6
2010,Brazil,12.1,12.3,2.2,2205,10.3,9,34.9
2010,Brazil,5.0,15.8,5.0,2329,21.0,12,32.9
2010,Brazil,17.6,16.0,3.1,1920,18.7,4,52.3
2010,Canada,5.5,13.7,4.8,2145,44.3,9,52.4
2010,China,11.6,9.7,2.1,2444,31.0,14,60.2
2010,China,30.9,12.1,2.0,2915,17.0,5,62.1
2010,China,13.3,13.5,3.5,772,36.2,0,65.7
2010,France,14.0,2.9,2.1,1085,17.1,14,65.9
2010,Germany,24.9,11.2,1.4,1841,40.7,10,21.9
2010,Indonesia,14.4,4.9,3.3,2466,10.4,13,10.8
2010,Indonesia,18.1,8.4,4.1,2206,47.6,10,40.2
2010,Indonesia,10.8,14.7,2.3,998,28.8,13,41.3
2010,Indonesia,15.7,9.4,4.2,1424,9.0,3,41.4
2010,Indonesia,19.6,8.8,3.4,1037,15.4,11,50.1
2010,Japan,24.5,12.2,1.7,610,23.2,12,58.6
2010,Mexico,8.3,9.8,1.9,873,39.9,0,18.7
2010,Mexico,33.8,4.0,1.6,2561,43.5,9,57.4
2010,Mexico,31.0,16.6,2.9,1532,48.9,8,40.8
2010,Russia,28.2,8.3,4.9,1764,6.0,3,13.3
2010,Russia,11.5,14.0,3.4,1796,27.3,1,18.0
2010,South Africa,9.9,9.8,2.5,2137,10.8,10,31.0
2010,South Africa,15.6,13.1,3.6,1712,13.7,7,27.4
2010,UK,19.3,10.5,4.3,891,22.8,7,49.8
2011,Australia,5.5,11.7,4.0,880,41.7,5,40.9
2011,Australia,19.8,13.5,2.6,2053,12.9,1,67.6
2011,Australia,17.5,15.1,2.2,1613,19.9,5,60.1
2011,Australia,20.8,11.4,2.1,2625,47.8,10,10.9
2011,Australia,27.2,8.7,4.6,2496,49.8,1,23.5
2011,Brazil,26.7,5.6,4.0,1121,28.3,2,17.7
2011,Brazil,14.7,9.2,1.2,880,25.2,8,28.3
2011,Brazil,5.3,17.8,2.7,1621,41.2,5,63.0
2011,Brazil,22.7,0.7,4.6,2507,43.3,14,43.7
2011,Brazil,24.7,13.6,2.8,2372,6.3,11,18.1
2011,Brazil,34.2,18.7,3.2,2579,18.6,7,25.7
2011,Brazil,29.0,1.5,3.6,2471,7.8,13,62.5
2011,China,6.6,16.6,2.3,2022,34.3,0,44.8
2011,China,5.6,3.0,4.8,978,33.3,9,14.9
2011,China,27.1,13.7,3.4,2562,10.5,3,44.6
2011,China,22.2,13.9,3.6,678,33.7,13,32.9
2011,China,28.4,13.0,1.9,1907,5.4,0,42.0
2011,France,21.7,5.2,2.6,1181,33.1,14,54.4
2011,Germany,24.1,17.3,2.1,2854,41.0,3,19.8
2011,India,10.3,4.5,4.8,1530,28.6,0,62.0
2011,Indonesia,8.8,3.5,1.6,2881,43.5,4,24.0
2011,Indonesia,13.4,9.9,3.8,2083,21.1,9,56.9
2011,Indonesia,19.1,17.7,3.2,2507,15.0,1,62.5
2011,Japan,22.2,15.2,2.1,2814,12.8,8,61.1
2011,Japan,25.0,17.6,2.7,1093,30.3,14,47.5
2011,Japan,8.8,5.3,3.3,1880,22.3,6,14.7
2011,Mexico,11.1,16.8,2.7,1099,8.2,5,33.4
2011,Mexico,23.3,2.3,1.4,2976,25.7,0,58.3
2011,Mexico,6.1,18.4,3.5,1217,6.3,11,38.4
2011,Mexico,29.1,0.8,4.5,2818,33.3,8,36.2
2011,Mexico,17.4,15.6,1.5,2451,27.4,5,29.4
2011,Russia,23.2,1.8,4.7,2157,11.5,5,31.8
2011,Russia,11.9,10.9,2.6,1910,44.3,11,59.6
2011,Russia,8.7,1.8,2.5,584,41.1,5,61.0
2011,Russia,15.1,6.2,4.3,2829,20.2,12,38.6
2011,South Africa,21.0,17.0,4.2,928,25.7,5,60.8
2011,South Africa,10.3,4.5,2.2,2568,26.0,5,34.1
2011,South Africa,21.7,3.4,1.2,1394,26.8,0,36.8
2011,UK,13.8,5.4,2.3,2663,40.8,11,51.6
2011,UK,18.2,8.1,3.5,2369,33.0,10,56.5
2011,UK,19.6,0.5,3.3,1256,27.7,9,59.6
2011,UK,26.2,8.6,4.1,713,17.9,9,20.6
2011,USA,31.3,12.9,2.3,728,34.6,6,13.7
2011,USA,30.3,12.7,2.6,1116,38.7,9,41.2
2012,Argentina,21.3,1.0,3.8,656,37.5,12,11.1
2012,Argentina,20.6,15.7,1.2,678,5.4,3,22.6
2012,Australia,16.1,1.7,3.4,2784,8.3,12,54.8
2012,Australia,18.0,7.6,4.3,670,42.1,2,59.3
2012,Brazil,8.2,19.1,1.9,2308,48.6,4,50.8
2012,Brazil,26.8,6.9,3.1,2067,45.8,13,18.2
2012,Brazil,32.5,8.8,1.5,2459,48.3,1,12.1
2012,Canada,14.0,1.4,2.8,1229,31.4,14,54.1
2012,Canada,24.2,18.0,3.3,2435,16.0,4,67.6
2012,Canada,11.4,11.6,2.7,1667,24.9,3,64.4
2012,Canada,28.5,12.3,4.6,1759,7.7,0,12.9
2012,Canada,8.8,9.5,2.1,1608,26.0,4,16.7
2012,China,17.2,11.1,2.8,921,39.7,8,67.2
2012,China,30.0,15.8,2.6,1007,47.2,6,37.8
2012,China,12.7,20.0,4.1,2701,46.0,11,57.3
2012,France,28.4,3.2,4.8,871,42.4,6,12.7
2012,France,6.3,10.1,1.1,1347,24.6,14,55.8
2012,France,27.7,17.8,1.9,2122,17.1,3,52.3
2012,France,5.2,2.8,2.1,1742,17.2,3,11.1
2012,France,5.9,4.6,2.6,979,5.1,10,36.8
2012,Germany,23.4,10.9,2.5,790,46.2,2,21.0
2012,Germany,19.0,9.3,3.1,1684,11.6,13,62.7
2012,India,14.4,11.8,1.9,1390,42.1,13,23.5
2012,India,17.7,8.3,4.9,563,29.3,7,60.1
2012,India,5.4,11.7,4.4,2011,29.9,8,25.6
2012,Indonesia,9.8,6.3,1.2,794,34.1,8,15.5
2012,Indonesia,19.6,15.2,2.7,1817,14.5,9,21.0
2012,Japan,6.7,19.2,2.1,684,21.7,6,39.0
2012,Japan,14.4,17.3,4.6,1903,12.2,3,13.8
2012,Mexico,8.2,16.9,3.2,2708,13.6,2,51.2
2012,Mexico,26.8,12.1,4.4,1223,42.1,7,33.4
2012,Russia,17.4,8.1,4.3,2806,41.5,2,22.8
2012,South Africa,18.5,1.4,3.9,643,5.8,14,43.0
2012,South Africa,26.6,9.6,4.1,698,10.4,7,18.8
2012,South Africa,10.3,1.5,2.7,2655,27.6,5,54.3
2012,South Africa,18.2,18.8,5.0,2885,30.0,3,53.9
2012,South Africa,29.6,16.5,1.5,986,22.1,8,16.1
2012,UK,21.6,1.1,2.4,2469,29.0,14,60.6
2012,UK,9.2,12.8,1.5,2543,39.0,0,68.9
2012,USA,11.8,15.5,3.8,2626,45.2,14,23.8
2012,USA,19.4,15.7,1.7,1187,23.4,10,44.5
2012,USA,26.1,7.9,1.3,621,12.0,0,56.4
2013,Argentina,25.4,9.2,3.7,2881,43.9,14,30.9
2013,Argentina,29.6,17.2,4.4,1172,21.1,9,21.6
2013,Argentina,23.0,0.9,3.0,897,40.7,7,48.6
2013,Argentina,23.9,10.9,1.4,1567,8.5,10,21.8
2013,Argentina,34.7,7.4,5.0,698,9.4,0,31.6
2013,Brazil,20.7,14.8,3.1,1691,29.5,13,51.1
2013,Brazil,28.8,17.7,4.6,2169,17.8,5,50.3
2013,Brazil,20.2,11.2,1.7,2353,21.0,10,29.5
2013,Canada,22.6,2.8,4.5,2580,17.7,7,51.9
2013,Canada,11.9,18.8,2.0,2442,36.6,10,43.8
2013,Canada,10.7,18.7,4.6,1027,46.4,3,53.6
2013,Canada,16.6,14.6,1.5,1065,7.4,14,32.5
2013,Canada,9.7,19.1,1.8,1438,16.8,8,24.6
2013,Canada,6.0,14.2,2.5,1641,18.3,0,36.6
2013,China,14.4,1.5,4.2,1359,18.6,13,12.9
2013,France,8.7,6.1,3.1,2039,30.5,12,21.3
2013,France,12.7,9.8,3.9,1658,47.6,0,40.0
2013,France,23.2,19.0,4.7,1287,31.6,13,24.4
2013,Germany,17.9,4.8,4.6,1198,19.4,13,17.7
2013,India,28.8,10.8,1.5,1404,48.5,0,15.7
2013,India,14.5,18.2,2.7,1231,43.0,8,37.6
2013,Mexico,22.1,5.7,1.5,1006,24.9,10,47.6
2013,Mexico,17.7,3.5,1.8,2656,37.5,14,62.9
2013,Russia,9.3,9.4,4.2,2796,33.2,4,10.4
2013,Russia,5.3,11.3,4.2,2490,28.0,10,18.7
2013,Russia,28.2,8.9,2.4,2621,41.3,6,34.2
2013,Russia,16.2,12.7,1.8,1228,10.9,14,58.6
2013,South Africa,20.7,11.2,1.4,969,24.1,4,37.3
2013,South Africa,32.1,8.9,1.8,1047,8.5,4,51.1
2013,South Africa,7.8,11.1,1.5,591,16.4,9,63.9
2013,USA,20.3,14.8,3.2,886,17.6,12,29.0
2014,Argentina,33.4,16.4,3.9,2618,13.7,0,63.3
2014,Argentina,25.9,7.6,4.2,2005,21.4,0,66.3
2014,Argentina,19.8,19.6,1.2,2244,9.6,6,24.5
2014,Australia,27.2,2.0,3.9,589,34.8,14,37.2
2014,Brazil,24.1,12.8,2.9,2440,41.1,4,40.8
2014,Brazil,34.9,17.4,2.4,2371,16.6,0,18.0
2014,Brazil,30.9,10.2,3.5,771,12.9,11,48.9
2014,Brazil,6.4,0.9,3.3,725,46.4,7,57.4
2014,Canada,24.8,11.7,1.2,2839,47.9,5,59.1
2014,Canada,30.4,10.9,4.1,692,37.2,10,54.7
2014,China,7.6,10.2,3.2,577,10.1,1,12.0
2014,France,33.9,2.8,2.2,1241,33.3,9,35.5
2014,France,15.8,14.1,2.7,2282,35.6,3,53.0
2014,France,26.2,16.9,1.0,2744,8.2,3,26.3
2014,France,34.7,8.2,4.2,1884,23.6,14,16.3
2014,France,14.7,5.4,4.7,2933,24.1,13,20.3
2014,France,25.6,6.2,1.0,645,27.1,11,25.0
2014,France,16.7,7.8,4.1,2666,27.6,14,20.3
2014,Germany,21.7,17.7,2.9,688,48.6,10,50.4
2014,India,21.9,4.2,4.2,2263,29.0,10,28.6
2014,India,27.5,18.5,3.0,667,45.4,9,10.1
2014,Indonesia,10.6,14.7,3.4,2216,34.5,6,16.4
2014,Indonesia,15.7,14.9,1.5,2516,43.9,9,68.7
2014,Indonesia,15.9,9.0,2.6,2849,30.3,8,10.3
2014,Indonesia,8.7,4.7,2.2,800,36.9,4,12.4
2014,Japan,18.9,10.7,4.8,2852,32.2,9,27.9
2014,Japan,25.1,16.7,4.9,1711,26.6,3,47.0
2014,Japan,16.9,3.0,4.2,1152,29.7,13,25.8
2014,Japan,31.9,14.9,2.3,992,16.5,9,46.9
2014,Mexico,33.6,15.8,3.9,1184,31.4,4,54.3
2014,Mexico,28.0,16.2,2.1,2203,41.2,2,53.8
2014,Mexico,20.8,17.5,4.6,1398,15.7,11,63.1
2014,Russia,9.4,9.7,4.5,1446,24.0,5,51.4
2014,South Africa,5.0,1.1,3.8,2554,33.4,13,25.8
2014,South Africa,20.4,3.2,4.4,2065,15.8,5,45.0
2014,South Africa,13.5,16.5,4.8,1343,5.3,6,14.9
2014,South Africa,33.4,19.8,2.8,2560,23.3,13,62.2
2014,South Africa,23.4,10.5,4.2,1569,41.1,5,35.4
2014,South Africa,8.9,8.0,1.3,897,15.4,0,24.8
2014,UK,7.1,17.1,1.3,1658,23.0,1,46.2
2014,UK,25.3,12.9,2.7,1598,28.0,8,15.5
2014,UK,5.0,17.0,1.9,1533,21.8,13,41.2
2014,UK,29.6,15.9,2.2,1799,47.5,0,39.7
2014,USA,5.5,10.7,3.2,1015,42.2,2,50.4
2015,Argentina,20.7,12.8,4.3,2761,50.0,3,19.4
2015,Australia,6.2,1.5,3.2,2271,49.8,6,17.0
2015,Brazil,28.9,20.0,3.5,2017,12.2,7,47.8
2015,Brazil,6.6,8.6,4.5,772,15.2,5,31.5
2015,Canada,25.4,4.5,4.6,2286,10.9,11,46.7
2015,China,10.1,18.4,3.4,1087,22.0,10,65.6
2015,China,20.4,15.4,1.6,1969,14.2,0,69.9
2015,China,28.8,11.3,3.0,1085,19.4,14,30.1
2015,France,29.6,1.3,4.7,1290,48.9,8,21.2
2015,France,19.3,8.3,2.3,824,37.1,13,14.2
2015,France,13.9,17.6,2.3,2214,24.9,9,24.2
2015,France,30.6,4.1,4.3,2259,16.3,13,38.5
2015,France,14.4,10.2,4.2,2527,5.7,13,58.3
2015,Germany,22.6,12.3,3.8,2354,48.4,13,13.0
2015,Germany,25.2,1.5,2.3,572,42.6,8,66.0
2015,Germany,8.7,1.3,2.2,1715,39.3,11,49.2
2015,India,14.5,1.6,4.8,1493,26.9,13,57.2
2015,India,16.8,12.6,2.4,1189,47.5,9,52.5
2015,Indonesia,11.6,2.3,3.4,1978,37.3,12,60.7
2015,Indonesia,27.6,13.4,2.1,1513,40.0,14,38.3
2015,Indonesia,27.3,2.4,2.3,1476,46.6,7,50.4
2015,Japan,12.3,5.1,4.3,2235,10.7,12,27.9
2015,Japan,34.1,19.1,1.1,1483,38.8,12,47.7
2015,Mexico,18.5,10.2,1.4,1840,38.4,10,53.9
2015,Mexico,8.4,14.1,4.1,1194,43.7,0,69.5
2015,Russia,23.4,8.2,1.2,1001,37.3,9,41.6
2015,Russia,32.9,16.0,1.7,1866,36.6,8,11.2
2015,Russia,24.4,17.7,4.0,2891,40.5,2,20.6
2015,Russia,8.5,12.9,2.5,1287,44.0,4,65.4
2015,Russia,19.9,8.0,4.7,2140,30.3,1,15.1
2015,Russia,22.0,13.6,2.0,1107,39.2,6,24.4
2015,South Africa,31.1,13.8,4.5,2531,20.0,13,28.8
2015,South Africa,23.9,10.5,4.0,2315,12.6,1,62.9
2015,South Africa,33.0,5.2,1.8,2744,20.8,1,69.4
2015,South Africa,7.9,3.3,3.1,616,45.3,13,13.4
2015,UK,7.3,15.1,2.9,1034,40.7,7,11.2
2015,USA,10.6,14.9,1.1,2003,23.5,10,35.4
2015,USA,29.9,16.7,2.4,805,44.0,6,34.7
2015,USA,26.5,5.5,2.7,938,44.3,13,63.0
2015,USA,16.4,17.5,1.7,1700,8.7,6,31.3
2015,USA,28.8,0.6,2.2,2382,9.9,8,27.5
2015,USA,18.7,2.1,4.8,1222,23.1,2,41.0
2015,USA,8.7,4.2,3.9,1339,14.1,3,56.6
2016,Argentina,7.2,16.7,5.0,1796,28.7,3,50.8
2016,Argentina,21.2,8.1,1.9,1819,22.3,2,45.3
2016,Australia,8.1,8.2,4.7,1919,33.2,14,54.9
2016,Australia,24.3,15.0,4.4,676,21.8,4,19.8
2016,Australia,32.2,15.8,4.3,1657,26.5,8,20.8
2016,Australia,21.0,14.9,3.1,1136,24.5,3,44.5
2016,Brazil,28.1,16.9,4.9,934,26.9,12,43.3
2016,Brazil,18.5,13.4,1.4,615,46.0,6,15.3
2016,Brazil,33.1,10.3,2.3,1933,30.3,8,67.7
2016,Brazil,17.0,4.9,4.5,1347,47.4,8,28.8
2016,Brazil,26.6,0.7,2.4,1492,12.7,7,38.8
2016,Canada,32.2,2.7,2.8,1179,28.1,3,44.8
2016,Canada,9.5,6.2,3.7,744,38.5,1,18.5
2016,Canada,27.3,11.1,3.1,2405,41.5,1,54.1
2016,Canada,31.2,8.4,1.8,2972,27.9,2,36.3
2016,China,32.4,4.8,3.2,759,31.8,9,41.1
2016,China,16.9,10.0,1.5,2669,41.8,3,24.3
2016,China,10.1,2.8,3.5,2595,39.8,12,17.7
2016,China,19.9,1.1,1.9,1034,30.2,9,56.7
2016,France,32.6,18.1,4.0,1545,49.5,10,64.8
2016,Germany,29.9,6.9,4.0,2157,21.4,9,38.9
2016,Germany,18.3,4.8,4.1,2373,32.0,4,56.1
2016,India,9.5,19.9,3.8,1951,20.2,13,34.4
2016,India,11.8,2.6,1.3,946,14.4,2,58.3
2016,India,31.4,17.6,4.1,764,17.1,5,31.1
2016,India,16.4,6.7,2.2,2436,44.4,13,21.1
2016,Indonesia,5.6,8.4,2.1,2082,37.9,4,19.0
2016,Indonesia,34.3,1.4,1.9,2783,10.1,13,16.6
2016,Indonesia,26.0,6.6,3.3,2981,7.4,2,43.7
2016,Indonesia,13.9,15.5,1.5,1495,9.0,1,64.1
2016,Japan,6.0,19.5,4.8,1424,11.7,13,39.5
2016,Japan,23.4,19.0,3.3,1821,29.3,11,26.5
2016,Japan,8.1,11.2,1.1,2524,26.0,14,69.0
2016,Japan,34.4,19.6,4.1,540,23.5,10,11.2
2016,Mexico,10.4,18.5,1.1,528,28.3,2,56.3
2016,Mexico,18.4,16.2,3.9,1165,40.6,0,44.9
2016,Russia,23.5,13.7,2.7,1058,23.3,8,60.5
2016,Russia,25.6,3.4,2.2,1403,41.2,10,37.5
2016,Russia,17.1,4.2,2.8,843,35.0,14,16.5
2016,South Africa,13.9,1.2,4.3,1403,15.7,13,60.4
2016,South Africa,12.2,11.3,1.2,1618,38.3,4,36.2
2016,South Africa,32.9,18.0,2.6,2771,12.4,9,55.5
2016,South Africa,27.0,2.9,2.1,564,48.5,7,42.0
2016,South Africa,9.7,3.7,1.7,1703,10.3,0,43.7
2016,UK,28.3,18.2,1.9,770,32.7,10,63.0
2016,UK,29.6,11.5,3.9,1748,31.7,4,18.7
2016,UK,22.5,19.6,3.9,2311,38.5,3,56.6
2016,UK,11.3,10.5,1.2,1055,24.2,2,29.7
2016,USA,34.6,5.0,4.6,2670,34.2,13,12.2
2016,USA,26.9,3.8,3.5,2313,9.6,12,33.6
2016,USA,16.9,18.8,3.8,653,33.5,4,65.6
2017,Australia,29.0,2.4,2.2,1577,13.5,1,43.3
2017,Australia,23.7,7.9,1.4,783,6.6,5,32.0
2017,Brazil,7.7,18.2,1.2,1579,27.1,8,61.0
2017,Brazil,23.4,1.4,3.6,2795,13.8,10,22.4
2017,Brazil,8.8,10.8,4.8,2052,30.8,0,55.5
2017,Canada,16.3,2.3,3.4,2458,17.1,9,63.9
2017,Canada,14.7,12.1,3.5,2098,43.6,5,57.5
2017,China,16.9,15.9,2.6,1297,23.3,4,53.3
2017,China,15.7,9.7,1.8,2019,35.1,13,41.0
2017,China,23.5,2.5,4.4,652,33.9,9,35.3
2017,China,29.8,11.4,4.2,2868,46.7,6,59.2
2017,France,28.0,7.4,2.8,2684,20.0,3,32.5
2017,France,15.3,0.6,2.9,2181,46.4,3,55.0
2017,Germany,29.7,19.4,3.7,2479,37.5,13,16.3
2017,Germany,9.0,17.0,2.8,1326,29.2,10,69.1
2017,India,14.7,5.7,1.5,1633,49.9,8,17.4
2017,India,21.8,9.3,1.6,1927,39.1,7,10.2
2017,India,12.6,1.2,3.6,2677,30.3,12,58.9
2017,Japan,22.9,11.3,3.8,2464,42.6,2,11.0
2017,Japan,9.0,15.3,1.9,2712,7.9,3,63.8
2017,Japan,5.9,5.4,2.5,2833,35.7,12,54.6
2017,Japan,28.6,6.6,4.6,2716,25.4,11,16.5
2017,Japan,29.8,1.9,1.6,1073,39.4,8,28.3
2017,Mexico,9.5,3.8,3.4,1577,48.2,1,63.7
2017,Mexico,31.9,14.8,2.2,1812,45.8,0,43.4
2017,Mexico,25.7,3.5,2.8,1017,35.2,9,12.0
2017,Mexico,25.6,3.3,2.1,2831,32.7,10,64.8
2017,Russia,33.1,5.9,1.3,1783,27.2,6,13.3
2017,Russia,11.2,8.6,3.6,2060,23.3,10,12.0
2017,South Africa,11.3,0.6,3.0,1005,41.6,3,40.3
2017,South Africa,31.9,16.3,2.4,2857,14.0,5,30.7
2017,UK,6.3,11.0,4.8,886,23.8,13,35.0
2018,Argentina,34.6,10.7,4.6,1547,45.0,3,46.5
2018,Argentina,27.6,14.5,4.8,2672,49.9,5,60.3
2018,Argentina,24.7,17.8,4.0,2037,24.7,8,22.3
2018,Australia,5.4,9.1,2.0,674,25.1,3,48.3
2018,Australia,24.1,12.8,3.3,1801,6.1,1,36.0
2018,Australia,10.7,10.3,4.3,1715,35.6,3,11.5
2018,Australia,34.5,14.6,1.3,829,7.6,6,27.1
2018,Brazil,30.8,0.6,2.4,2267,40.4,7,53.6
2018,Brazil,16.4,3.0,3.9,2164,9.1,5,19.8
2018,Brazil,12.0,12.3,3.8,2832,37.6,3,25.0
2018,Brazil,12.5,18.0,4.1,2394,37.3,8,35.8
2018,Brazil,9.8,0.5,1.0,656,20.6,5,51.3
2018,Canada,29.8,14.5,1.9,1531,32.3,10,47.9
2018,Canada,34.0,1.1,1.6,647,41.8,0,29.7
2018,China,19.4,5.5,3.3,1936,12.4,5,56.3
2018,China,22.3,6.4,4.0,1950,47.1,11,39.4
2018,China,14.7,13.0,2.2,690,17.9,14,62.3
2018,China,24.8,4.7,1.9,2105,25.7,14,16.5
2018,China,18.1,11.4,1.9,1802,23.9,5,64.6
2018,China,34.4,15.8,3.6,2734,37.8,13,50.3
2018,France,23.2,12.1,4.6,764,5.6,11,53.4
2018,France,18.8,3.9,2.9,1617,23.5,10,27.7
2018,France,24.8,5.4,4.1,2620,24.9,5,44.9
2018,Germany,30.1,2.1,3.5,1246,12.2,9,58.8
2018,Germany,7.6,14.6,2.1,1418,8.5,8,34.9
2018,Germany,22.3,18.3,3.2,1234,46.8,0,24.9
2018,Germany,27.0,5.3,1.5,2342,10.8,8,34.2
2018,India,33.8,7.9,3.1,2568,10.5,12,12.8
2018,India,27.4,19.1,4.8,2874,48.6,2,55.2
2018,India,27.3,10.6,2.8,2358,33.0,12,26.3
2018,Indonesia,29.1,16.7,1.9,1382,43.3,10,52.7
2018,Japan,20.7,11.1,3.6,1659,9.0,13,25.3
2018,Japan,32.8,12.6,3.5,2995,28.2,14,66.1
2018,Japan,28.4,9.9,3.5,1203,46.4,0,57.2
2018,Japan,5.7,18.3,1.7,1485,41.8,1,44.3
2018,Japan,34.0,7.2,2.2,2653,19.3,13,64.2
2018,Mexico,15.9,7.2,2.8,2817,8.7,0,12.1
2018,Mexico,27.8,11.3,2.5,1672,33.6,11,55.5
2018,Russia,24.4,2.5,1.0,1312,44.4,7,26.0
2018,Russia,15.4,4.1,4.1,1437,29.5,11,55.0
2018,South Africa,33.9,6.0,4.5,827,17.7,1,56.6
2018,UK,22.9,17.4,3.0,865,23.8,5,19.8
2018,UK,24.5,18.3,4.1,1246,14.5,9,56.7
2018,UK,22.4,12.0,4.1,1709,45.4,12,40.4
2018,UK,29.8,15.8,1.3,633,27.8,12,50.6
2018,USA,18.9,14.1,2.7,1472,9.0,6,48.0
2019,Argentina,21.5,6.5,1.1,1779,19.8,7,68.6
2019,Argentina,11.8,3.4,1.8,2949,49.1,8,49.1
2019,Argentina,23.8,8.9,4.7,891,25.9,10,46.5
2019,Australia,23.0,7.7,4.3,2569,18.0,9,21.2
2019,Australia,14.9,13.1,3.1,2286,34.0,8,30.3
2019,Australia,23.1,9.5,1.8,2369,29.1,9,59.5
2019,Australia,21.5,5.2,1.5,2373,43.4,14,63.2
2019,Australia,17.3,1.3,3.4,2014,41.1,14,36.7
2019,Brazil,21.0,19.8,1.5,1519,34.7,5,63.4
2019,Canada,21.8,1.0,4.9,2524,5.8,1,51.0
2019,Canada,29.5,9.5,4.6,2618,5.5,12,53.4
2019,China,31.7,12.9,2.4,1891,6.8,1,50.2
2019,China,10.0,16.4,3.5,2298,35.5,0,55.7
2019,France,12.7,16.6,4.4,2548,15.5,8,54.0
2019,France,29.4,16.2,1.8,1537,23.9,5,32.4
2019,France,28.5,12.3,3.2,2720,41.4,14,60.5
2019,Germany,8.3,4.5,4.3,2101,41.3,8,29.2
2019,India,27.7,5.1,4.5,2273,5.9,13,43.6
2019,India,21.2,3.8,2.3,1389,26.8,8,37.4
2019,India,16.3,9.6,3.3,822,9.8,12,64.9
2019,India,13.1,11.9,3.2,2261,42.9,8,33.1
2019,India,23.6,8.0,1.2,1365,10.0,8,20.2
2019,Indonesia,16.6,7.4,2.0,1201,30.4,11,28.8
2019,Indonesia,14.5,18.1,3.0,2357,28.8,7,64.9
2019,Indonesia,7.8,8.9,1.9,2653,23.3,13,46.5
2019,Japan,15.5,6.9,4.2,2053,28.1,4,33.0
2019,Japan,21.3,11.9,3.5,865,28.6,14,69.2
2019,Mexico,28.6,2.5,3.8,1911,29.9,10,60.4
2019,Mexico,6.9,2.7,4.7,2794,34.3,11,27.9
2019,Mexico,29.2,8.4,3.7,1769,30.1,9,64.2
2019,Russia,19.2,16.9,4.1,2890,18.6,9,60.7
2019,Russia,5.5,9.0,4.7,2015,44.7,2,17.5
2019,South Africa,26.8,2.8,1.3,1965,21.7,8,63.7
2019,UK,17.2,16.3,3.1,1269,7.0,13,66.0
2019,UK,8.7,19.6,4.4,2402,12.8,4,21.7
2019,UK,23.0,16.4,3.6,919,39.1,0,32.3
2019,UK,31.2,16.3,2.7,1537,7.5,9,65.8
2019,USA,31.0,4.8,4.2,2407,49.2,8,31.0
2019,USA,27.8,14.7,4.9,1637,16.0,0,21.4
2019,USA,33.6,5.7,1.4,1629,13.8,14,31.8
2020,Argentina,8.4,6.5,3.5,990,47.0,8,68.5
2020,Argentina,9.2,11.8,4.7,2281,43.3,4,61.3
2020,Argentina,11.1,15.4,2.3,826,5.4,4,23.8
2020,Australia,34.2,5.9,4.8,1852,9.8,8,10.9
2020,Australia,6.9,14.6,3.9,878,42.1,4,33.3
2020,Australia,28.5,0.8,4.0,628,13.3,7,54.9
2020,Australia,11.8,16.1,1.8,1721,21.0,6,58.4
2020,Brazil,26.7,12.2,1.8,762,46.8,0,69.1
2020,Brazil,23.8,6.0,3.4,956,25.9,2,52.2
2020,Brazil,21.0,12.3,3.7,2556,43.4,10,42.6
2020,Brazil,14.1,3.3,2.1,1573,31.1,5,26.3
2020,Brazil,31.2,14.7,4.1,1020,37.4,1,27.2
2020,Canada,33.3,19.4,4.1,2011,36.2,12,15.7
2020,China,32.3,1.4,2.7,2100,49.4,12,47.2
2020,China,19.1,19.8,4.0,2152,12.8,0,24.1
2020,China,22.7,3.2,4.1,812,19.4,0,44.8
2020,China,11.8,16.8,4.0,2881,45.0,8,43.8
2020,China,10.2,17.1,1.1,2227,27.3,9,67.1
2020,France,5.1,8.5,4.3,1315,50.0,7,41.3
2020,India,9.6,5.7,1.2,795,11.1,8,44.9
2020,Indonesia,30.0,1.7,2.7,551,18.5,2,10.6
2020,Indonesia,26.2,14.3,2.0,890,5.3,3,35.7
2020,Indonesia,21.6,18.8,4.8,2812,11.8,4,34.4
2020,Japan,29.4,9.5,2.5,925,37.1,4,13.4
2020,Japan,9.1,15.3,4.4,1481,41.3,11,37.4
2020,Mexico,20.2,15.4,2.2,1478,14.3,12,47.9
2020,Russia,18.6,5.7,3.7,1792,49.8,2,19.2
2020,Russia,23.5,4.8,4.8,926,25.3,3,43.3
2020,Russia,22.0,1.2,4.4,2134,20.2,2,40.0
2020,Russia,29.9,5.0,3.1,2407,24.8,2,12.2
2020,Russia,17.7,15.7,5.0,1524,35.8,9,16.8
2020,Russia,30.4,10.6,2.7,1875,8.8,12,49.6
2020,Russia,12.7,3.9,1.0,1234,38.6,12,44.0
2020,South Africa,26.7,13.7,1.9,772,11.5,7,21.0
2020,South Africa,17.0,15.3,2.9,1221,40.6,1,50.9
2020,South Africa,25.1,10.8,4.9,793,17.1,7,56.7
2020,South Africa,13.0,10.2,2.9,2548,36.9,6,39.6
2020,South Africa,10.0,2.7,2.6,642,17.6,5,59.8
2020,UK,7.8,12.1,4.9,1541,47.0,11,16.1
2020,USA,21.1,11.2,4.8,2648,16.2,0,63.9
2020,USA,13.3,1.4,1.4,1418,10.3,5,33.9
2020,USA,8.1,11.1,2.2,2659,37.7,8,64.7
2020,USA,14.5,18.7,4.9,2673,21.5,12,51.5
2021,Argentina,21.0,9.7,2.6,829,42.3,1,14.3
2021,Argentina,13.9,16.3,1.7,2612,11.8,1,29.0
2021,Argentina,12.9,3.6,4.7,2407,41.1,4,34.4
2021,Australia,24.9,4.9,4.1,2911,45.8,1,68.3
2021,Brazil,27.5,14.6,3.2,2320,14.8,9,59.3
2021,Canada,25.1,17.0,2.0,1949,10.7,14,12.2
2021,Canada,13.3,10.3,1.8,1045,13.6,9,11.7
2021,China,29.7,12.6,2.1,890,44.0,9,31.3
2021,China,18.3,10.8,3.1,2177,28.7,7,29.6
2021,China,14.4,14.3,4.3,1298,29.7,13,60.7
2021,France,21.9,7.1,2.3,2401,37.9,4,52.4
2021,France,5.5,7.7,4.8,2423,25.5,10,16.3
2021,France,10.4,13.8,2.3,2644,7.9,11,28.6
2021,France,17.9,19.6,2.4,2426,43.4,8,11.9
2021,France,11.8,5.0,4.1,1133,37.8,11,16.3
2021,Germany,23.9,13.1,3.9,1081,49.5,7,51.9
2021,Germany,16.2,10.4,3.0,1731,37.1,5,47.3
2021,India,29.0,18.8,2.2,584,27.9,8,60.5
2021,India,7.7,8.7,3.1,544,27.3,8,36.7
2021,India,14.0,13.7,2.1,2540,11.8,3,43.9
2021,India,31.4,16.6,2.1,1602,28.3,10,60.6
2021,India,5.3,7.6,2.0,2910,23.5,7,56.6
2021,Indonesia,18.4,11.8,2.9,2077,35.8,0,33.0
2021,Indonesia,21.3,9.4,2.5,1670,39.2,13,15.5
2021,Indonesia,33.6,18.6,4.2,1191,13.0,13,68.5
2021,Indonesia,9.6,15.7,1.8,2355,49.2,6,37.2
2021,Indonesia,24.1,7.2,4.7,2718,8.9,6,31.7
2021,Indonesia,26.0,9.5,4.9,1141,9.4,10,44.0
2021,Japan,23.8,19.5,1.9,1597,34.9,0,46.2
2021,Japan,31.3,2.0,3.5,883,22.5,1,21.1
2021,Japan,16.1,3.6,4.3,991,25.7,7,29.9
2021,Japan,10.1,5.0,3.4,1712,34.8,12,41.6
2021,Mexico,29.5,6.0,1.4,1875,5.8,13,55.9
2021,Mexico,31.5,8.4,3.3,914,42.2,14,35.9
2021,Mexico,34.3,2.3,3.4,651,43.9,7,22.3
2021,Mexico,34.2,19.8,4.6,2251,9.0,10,39.9
2021,Russia,25.5,18.5,4.9,942,17.9,12,60.2
2021,South Africa,12.7,4.2,3.7,2021,7.5,10,51.7
2021,South Africa,21.7,4.7,2.9,2654,38.5,5,16.7
2021,South Africa,7.8,12.5,2.6,2997,15.5,9,51.3
2021,UK,27.6,13.7,4.0,2387,20.8,6,65.3
2021,UK,17.1,20.0,5.0,2022,41.0,14,52.7
2021,UK,6.1,16.4,1.9,2960,7.2,12,69.1
2021,UK,12.3,12.9,1.1,1706,47.2,11,49.0
2021,USA,28.9,13.3,1.8,617,24.4,6,16.3
2021,USA,24.0,18.8,3.4,2157,23.0,7,10.8
2022,Argentina,27.7,0.7,1.9,1954,21.7,13,32.7
2022,Argentina,7.2,18.9,4.6,877,17.8,0,22.5
2022,Australia,11.1,11.2,4.1,756,35.3,8,12.4
2022,Australia,16.0,5.8,4.4,2548,11.6,8,65.7
2022,Australia,27.9,18.5,3.4,1677,10.1,13,55.9
2022,Brazil,18.4,9.5,4.6,1691,30.3,12,36.2
2022,Canada,28.7,5.9,2.0,2726,15.9,8,46.0
2022,China,22.8,17.2,1.8,1890,25.3,2,61.3
2022,China,17.9,13.7,4.4,2255,21.9,12,53.8
2022,China,28.6,8.9,3.6,1864,35.9,13,30.4
2022,France,12.1,8.2,4.4,882,7.2,9,39.6
2022,France,20.2,17.4,3.1,2412,42.9,1,38.2
2022,Germany,12.4,19.1,2.8,1961,9.2,1,25.1
2022,Germany,22.9,14.9,3.3,654,44.6,8,10.5
2022,Germany,27.0,19.6,2.5,1338,44.4,3,47.9
2022,Germany,21.5,6.4,1.3,1349,19.5,3,63.3
2022,Germany,13.7,1.8,1.8,2238,45.3,10,23.4
2022,India,11.7,11.1,1.2,2010,9.4,8,50.2
2022,India,23.6,8.1,2.4,1169,31.2,1,18.0
2022,India,14.6,18.3,4.1,1857,45.6,7,51.1
2022,Indonesia,15.9,11.5,3.3,980,47.7,3,50.5
2022,Japan,31.9,9.5,5.0,1412,46.3,5,49.2
2022,Japan,10.4,4.8,1.1,2127,21.8,6,25.9
2022,Japan,29.8,19.9,1.3,2210,34.9,11,28.6
2022,Japan,7.1,16.3,3.2,1049,20.9,1,69.5
2022,Japan,8.7,3.9,2.3,2766,16.3,4,17.8
2022,Mexico,22.4,18.9,2.0,844,7.3,2,32.6
2022,Mexico,34.0,6.8,3.0,2991,26.8,6,17.6
2022,Russia,16.2,16.4,2.1,671,21.6,12,20.2
2022,Russia,9.3,19.4,3.3,2874,9.1,3,59.3
2022,Russia,12.6,13.6,3.2,2550,27.7,12,38.7
2022,South Africa,32.8,9.4,2.8,2779,27.1,14,23.9
2022,South Africa,34.4,9.0,3.8,501,37.1,14,32.4
2022,South Africa,6.7,15.8,1.5,937,31.0,1,16.8
2022,South Africa,15.8,16.2,3.0,2640,44.7,11,17.5
2022,UK,27.8,16.6,1.5,1966,8.2,4,43.4
2022,UK,7.5,19.2,3.3,1045,44.7,13,31.1
2022,UK,22.9,13.6,1.1,1652,41.4,11,16.7
2022,USA,17.6,12.1,2.7,2800,40.0,2,46.7
2022,USA,14.7,7.8,2.7,2214,38.9,11,44.4
2022,USA,10.5,16.5,4.9,2444,18.5,2,27.9
2022,USA,13.4,7.7,3.7,566,12.5,8,27.3
2022,USA,9.9,13.1,1.5,1489,8.9,13,27.6
2022,USA,29.3,11.4,4.5,2756,25.5,9,34.5
2022,USA,25.6,10.1,4.7,1119,18.1,9,69.8
2023,Argentina,30.2,18.1,4.4,2930,32.7,12,64.1
2023,Argentina,22.4,4.4,1.0,2857,49.5,11,44.2
2023,Argentina,20.3,8.6,3.6,1116,39.1,8,66.0
2023,Argentina,13.0,6.2,4.9,1472,21.3,0,23.7
2023,Argentina,29.0,18.3,4.5,2435,25.7,8,10.3
2023,Argentina,8.9,18.1,3.0,2180,47.2,14,30.5
2023,Australia,11.5,9.2,2.3,1910,15.5,5,24.4
2023,Brazil,24.4,14.0,4.3,2042,49.1,14,40.8
2023,Brazil,14.3,12.2,1.1,2661,10.1,7,40.0
2023,Canada,10.7,10.9,3.5,725,37.4,12,27.6
2023,Canada,28.0,8.3,5.0,1148,6.5,3,54.3
2023,Canada,23.4,4.5,3.8,971,7.5,5,28.2
2023,China,22.5,6.6,3.8,1088,16.4,13,67.7
2023,China,12.0,16.9,2.8,2520,21.0,3,59.9
2023,China,28.8,4.5,3.7,1108,33.8,9,47.2
2023,France,9.8,10.9,4.9,545,33.7,3,49.3
2023,France,21.4,11.2,4.9,926,36.5,13,15.5
2023,France,31.9,19.9,4.2,907,38.3,9,28.8
2023,France,15.9,4.5,3.2,643,30.7,4,25.2
2023,Germany,32.4,12.0,1.5,1832,6.0,2,50.9
2023,Germany,13.2,16.5,1.5,1401,7.5,6,38.8
2023,Germany,18.3,4.2,3.0,2976,40.2,1,52.5
2023,India,31.0,17.6,2.0,2444,25.1,8,20.6
2023,India,22.8,17.7,1.4,1679,40.0,9,55.2
2023,Indonesia,28.5,16.5,3.8,2736,16.1,12,23.0
2023,Indonesia,27.8,9.3,1.5,2648,19.4,10,17.2
2023,Japan,21.9,4.9,3.2,2135,19.0,11,49.7
2023,Japan,27.7,4.7,1.1,1286,18.9,1,53.6
2023,Mexico,28.5,10.9,3.7,2963,27.5,0,35.7
2023,Mexico,11.5,8.6,1.8,582,8.8,3,13.2
2023,Russia,30.9,11.4,3.3,979,27.6,13,60.2
2023,South Africa,14.6,14.7,1.5,875,31.1,14,19.7
2023,South Africa,24.6,15.3,3.9,1646,46.4,4,44.3
2023,UK,33.5,9.1,4.2,534,14.3,10,53.8
2023,UK,27.1,19.5,1.3,2472,35.1,2,52.9
2023,USA,6.2,18.6,4.4,1806,21.9,8,12.1
2023,USA,20.0,17.9,3.7,2284,25.6,14,50.6
2023,USA,23.6,11.2,1.6,731,22.2,4,34.7
2023,USA,33.3,9.4,1.4,882,26.1,6,34.9
2023,USA,11.3,3.0,2.4,2456,45.6,2,24.3
2023,USA,12.6,1.1,1.9,1594,8.9,0,63.9
2023,USA,6.8,17.5,3.3,971,38.2,2,48.4
